name,id,lat,lon,cumulative_revenue,design_capacity,capital_cost,project_type,traffic_per_day,target_traffic_per_day,fee_effective_year
648,4,21.117914,81.122298,30781.84,8770.533537,464,2,22246,22246,2021
51,5,14.90999,75.2798,263.3,8770.533537,317.69,6,25077,25077,2018
244,6,15.76311,74.64785,328.4,8770.533537,996.6,2,27249,27249,2021
179,7,21.214518,81.287962,404.89,15000,123,2,20742,20742,2021
238,8,16.1433,74.51696,164.5,8770.533537,559.49,6,33898,33898,2021
343,9,16.5422,74.31825,282.87,8770.533537,559.49,6,44415,44415,2021
659,10,27.218247,78.272821,100000,120000,1664,2,47978,52995,2021
102,11,12.875095,75.003849,25.57,40000,181.5,6,33886,33886,2021
108,12,25.41629,81.861017,112.23,8770.533537,295.73,6,52993,44368,2021
66,13,25.033921,74.817676,148.05,240,142.4939074,5,10168,7457,2021
19,14,25.09118,75.199063,148.05,240,142.4939074,5,9900,7386,2021
165,15,25.072621,75.598467,148.05,240,142.4939074,5,11617,7262,2021
186,16,25.122,76.572806,63.75,8770.533537,434.63,5,9515,7662,2021
612,17,25.170089,76.130552,63.75,8770.533537,359.94,5,12970,3232,2021
489,18,11.72034,78.07338,439.67,8770.533537,307.6,2,54304,43889,2021
468,19,11.592809,78.780812,302.08,81800,941,2,25484,20530,2021
682,20,11.736464,79.010409,302.08,75000,941,2,36196,15383,2021
499,21,12.00643,78.08042,944.56,28500,525,2,55726,36452,2021
560,22,11.193895,78.103219,190.26,28000,351.25,2,23232,23725,2021
478,23,12.982155,79.968944,227.99,120000,142.4939074,6,91814,32019,2020
273,24,28.836176,78.420749,247.48,8770.533537,275,6,36353,34318,2019
314,25,21.75667,75.156824,524.46,56000,786.39,2,31026,26122,2021
98,26,10.64127,78.581277,308.99,40000,500.31,5,24618,15313,2021
137,27,9.989594,78.244086,308.99,40000,524.44,5,34617,16204,2021
112,29,14.556778,75.728025,208.63,40000,484.08,6,25023,71758,2018
141,30,26.467309,78.010916,100,8770.533537,134.66,5,29310,17668,2021
104,31,28.767149,78.110043,160.8,60000,1983.6,6,46360,30700,2019
664,34,26.036608,79.577976,180.82,8770.533537,465,6,28557,28557,2021
253,35,22.822692,75.938208,191.42,6600,325,2,34246,66792,2021
616,39,29.095601,77.710995,453.6,85,359,2,39206,28138,2021
146,40,25.248275,82.994017,388.9,120000,2848,2,45468,49762,2021
436,41,25.19093,83.559544,263.85,120000,2848,2,39705,49762,2021
586,43,24.957125,83.954997,546.54,120000,2848,2,45705,49762,2021
16,44,26.594931,79.268034,422.19,120000,2251,2,26364,48750,2021
647,45,26.724015,83.274398,52.11,8770.533537,806.57,5,16392,16392,2021
59,47,26.386389,80.021485,237,120000,2251,2,43960,48750,2021
83,48,21.805381,70.663976,384.8,8770.533537,265,2,36824,10660,2020
533,49,22.082642,70.781004,384.8,8770.533537,265,2,25494,12269,2020
139,50,21.303367,72.95418,1178.92,70000,1405.49,2,119377,119377,2021
17,56,17.810312,73.971381,531.4,120000,1724.55,2,47604,60848,2021
430,57,11.66167,78.330768,302.08,85825,941,2,29502,23608,2021
173,58,13.068175,77.3605999,216.37,57707,736,2,29348,25292,2021
652,59,11.396808,78.99356,692.68,40000,460,2,39076,32636,2021
524,64,18.424491,74.466193,378.7,60000,1371,2,47604,32000,2021
650,66,32.607394,74.944346,2131500,1584,1584.67,6,40600,18000,2021
154,67,20.450467,78.755153,30.99,8770.533537,268.37,5,9739,7457,2021
580,68,23.308555,70.49059,558.26,8770.533537,805.33,2,62619,56000,2021
307,70,20.019307,78.54022,41.24,8770.533537,161,6,11404,11404,2021
457,71,20.951008,77.788359,151.39,60000,567,2,20623,41052,2021
447,72,25.208647,77.136059,88.29,8770.533537,142.4939074,5,3134,2645,2021
552,73,25.461841,78.451052,88.29,8770.533537,142.4939074,5,11285,11526,2021
555,74,25.278913,77.614165,88.29,8770.533537,142.4939074,5,3205,2829,2021
24,75,12.346862,79.779856,392.62,83834,564.3,6,59180,75000,2021
672,76,13.043526,80.149598,187.21,136500,958.95,6,129563,40000,2021
409,77,26.810525,82.731283,290.65,8770.533537,646.14,5,32083,32083,2021
636,79,13.136678,80.181624,187.21,8770.533537,958.95,6,56060,56060,2021
515,80,12.723887,79.981917,425.77,34690,564.3,6,95230,75000,2021
455,82,13.216958,80.169353,22.6,90000,418.75,6,50417,44693,2021
12,84,22.269661,79.54517,109.25,8770.533537,90,6,14947,5332,2021
184,85,9.78299,78.094492,393.97,21044,629,2,18570,14424,2021
540,86,8.862935,78.117106,393.97,21044,629,2,24775,11693,2021
221,87,24.620413,77.26147,117.92,162,46,2,19475,19475,2018
403,88,24.322069,78.526217,120.16,8770.533537,1751.11,5,7800,5784,2021
656,90,23.233839,79.047247,120.16,8770.533537,1751.11,5,12749,8719,2021
225,92,26.996524,78.777334,16.57,120000,1664,2,26726,52995,2021
260,95,26.931976,77.933397,100,8770.533537,158.48,5,27362,19101,2021
670,96,11.513282,77.923946,259.63,26000,469.8,2,36839,30751,2021
400,97,23.490457,70.942745,570.71,8770.533537,288,5,21042,2500,2021
687,98,11.245714,77.519702,313.96,31800,379.8,2,50665,36452,2021
88,99,24.143855,71.977168,570.71,8770.533537,326,5,15275,25000,2021
359,100,9.89525,76.313542,5.24,8770.533537,154.99,5,59351,40000,2021
677,101,23.791263,71.427652,570.71,8770.533537,288,5,23712,25000,2021
683,102,10.699008,77.932875,248.49,34307,387.2,2,25509,34307,2021
356,103,12.544583,78.201132,570.48,120000,535,2,48500,48732,2021
688,104,12.024441,79.538059,658.7,12,480,2,51684,97362,2021
503,105,12.905829,78.951686,385.6,120000,1250,2,49916,35396,2021
440,106,11.983278,79.78836,65.76,8,285,2,15078,61709,2021
675,107,12.648554,78.5833,289.59,120000,1250,2,53261,25451,2021
459,108,8.527035,77.663289,65.62,30620,2309.95,6,17787,13090,2021
342,109,10.194488,77.909317,353.56,40520,338,2,38604,34324,2021
386,110,27.178509,77.416845,334.27,90,250,2,33449,33449,2021
185,111,9.385445,77.914347,46.14,27560,2309.95,6,28028,11709,2021
291,112,9.844294,78.011209,38.7,36520,2309.95,6,20680,18165,2021
575,113,8.975702,77.774608,47.97,23560,2309.95,6,18303,8108,2021
501,114,10.442868,76.260179,418.61,8770.533537,725.82,2,68062,58562,2021
671,115,10.744371,78.834044,168.95,16500,280,2,26669,13409,2021
293,116,12.962828,76.765205,216.37,51759,736,2,24343,20533,2021
539,117,8.755472,78.065264,37.91,8770.533537,349.5,6,21689,21689,2021
581,118,10.92937,78.744056,236.75,40000,434,2,36209,33466,2021
597,119,11.706434,79.322335,692.68,40000,460,2,45729,37551,2021
350,120,27.114895,77.715981,240.21,8770.533537,195,2,19846,19846,2021
313,121,22.173782,75.456797,694.47,8770.533537,540,2,42539,42539,2021
517,123,26.451663,85.022711,2156155,1000000,581.88,6,4077,4077,2021
337,124,26.595329,74.939169,2329.24,8770.533537,614.5,2,87337,87337,2021
398,125,26.112648,85.564827,1881635,8770.533537,3997.75,5,18792,3047,2010
646,129,27.089775,75.7415,249.25,25410,267.81,2,35989,35663,2021
127,130,31.617167,74.692378,17.21,8770.533537,205.88,6,8960,10172,2021
152,131,30.527449,76.813037,238.6,8770.533537,298,2,46336,46336,2021
206,132,24.766166,73.523999,36.13,35000,12.08,5,11029,7467,2021
362,133,30.842218,76.568495,219.92,8770.533537,309,2,40960,40960,2021
272,134,25.082922,74.624379,152.23,8770.533537,1239.82,6,1392,1392,2021
304,135,26.104125,74.685331,14.97,76236,1031.95,2,1369,76236,2018
317,136,23.993636,73.627895,294.72,60000,277.37,2,44413,44413,2021
461,137,24.613529,74.233079,42898.88,60000,216.33,6,29343,29343,2021
402,138,24.712368,73.093755,36.13,35000,12.88,5,8609,6120,2021
204,139,19.708905,73.614819,773.1,40000,579,2,67924,39900,2021
669,140,22.42301,71.088805,213.17,4,435.81,6,137990,1738674,2021
367,141,32.382605,75.598788,1910545,26000,1584.67,6,29393,18000,2021
170,142,21.751451,70.326793,109.47,4,421.01,6,107964,1360350,2021
116,143,20.325014,74.210751,223.04,40000,788.97,0,13819,52737,2021
328,144,18.3313849,73.8525197,554.85,120000,1724.55,2,82234,60848,2021
67,145,20.141701,73.976492,52.69,59000,940,6,37186,76700,2021
596,146,21.088119,80.032855,309.4,42000,424,2,19575,23050,2021
608,147,21.319718,74.889291,600.18,60000,1420,2,31750,37000,2021
209,148,21.137001,78.89666,129.02,40000,168,2,13249,13249,2021
114,149,30.738834,76.897977,159.03,120960,740,2,56053,45000,2021
171,150,28.776746,76.621688,218.75,30000,650,2,28012,21917,2021
168,151,31.499318,75.323065,207.15,100,439.84,0,42535,42535,2019
198,152,28.275006,76.613363,218.7,30000,650,2,28119,19208,2021
479,153,31.577704,74.997072,207.15,100,439.84,2,14257,14257,2019
511,154,29.433664,76.97014,407.18,190305,421.5,2,62000,63260,2021
202,155,29.584373,76.978792,1181.1,90000,2747.5,2,71779,69443,2021
582,156,30.403832,76.736825,866.23,90000,142.4939074,2,43553,69443,2021
365,157,30.990725,75.790082,419.34,90000,142.4939074,2,59175,69443,2021
292,158,21.162103,78.399287,240.84,40000,212,2,13376,13376,2021
627,159,28.00548,77.332377,266.3,120000,1928,2,38506,62608,2021
396,160,27.337188,77.737458,379.81,120000,1928,2,37532,62608,2021
371,161,25.266948,82.491513,272.23,8770.533537,295.62,6,33287,26431,2021
577,162,26.631703,84.238336,52.11,8770.533537,455.58,5,15127,15127,2021
451,163,26.733855,83.808555,0,0,0,5,27886,27886,2021
119,164,26.781312,82.417008,0,0,0,5,35407,35407,2021
300,165,25.749487,81.170481,225.86,8770.533537,265.77,6,24808,24808,2019
224,166,19.638154,85.140017,0,0,0,6,25917,25917,2021
628,168,20.678864,86.165581,0,0,0,6,15974,15974,2021
215,169,20.20348,85.668597,0,0,0,6,27783,27783,2021
599,170,21.429889,86.836645,0,0,0,6,33232,40000,2019
510,171,20.897746,86.21625,0,0,0,6,29585,40000,2019
414,172,20.540387,85.96387,0,0,0,2,51293,56937,2021
357,173,17.215448,82.1107,0,0,0,2,39167,27578,2021
566,174,19.28019,78.409222,0,0,0,6,15927,10092,2021
415,175,17.801103,78.471683,0,0,0,6,23254,15785,2021
195,176,19.026592,78.362705,0,0,0,6,22857,15156,2021
532,177,19.781093,78.565772,0,0,0,6,11242,9441,2021
542,178,23.542635,85.503153,0,0,0,6,26974,19675,2021
611,179,26.944488,76.557567,0,0,0,2,37574,28517,2021
550,180,26.859184,76.105596,0,0,0,2,27711,24914,2021
15,181,27.101301,77.090874,0,0,0,2,27352,27352,2021
651,182,26.843328,75.615578,0,0,0,2,92678,92678,2021
61,183,26.68816,75.904726,0,0,0,2,29410,30344,2021
625,184,26.109852,75.744832,0,0,0,2,15453,30344,2021
375,185,25.5938407,74.5948394,0,0,0,2,1531,1531,2021
248,186,13.059436,77.770734,0,0,0,2,77824,77824,2021
38,187,13.793094,77.764384,0,0,0,6,18502,18502,2021
336,188,12.958304,76.623563,0,0,0,2,24078,18840,2021
605,189,12.982709,76.228913,0,0,0,2,21980,18840,2021
52,190,32.838928,74.940536,0,0,0,6,23160,20665,2021
234,191,32.058621,75.614278,0,0,0,6,16306,13067,2021
18,193,19.361481,73.165874,0,0,0,2,58255,29000,2021
417,194,21.382332,79.253327,0,0,0,2,17435,26894,2021
101,195,20.85612,78.963632,0,0,0,2,18342,26894,2021
372,197,20.833054,74.754192,0,0,0,2,38054,61665,2021
674,199,21.664929,69.709536,0,0,0,6,91820,522288,2021
7,200,25.879908,79.210298,0,0,0,5,25573,25338,2021
686,201,24.789564,78.448812,0,0,0,6,12293,6545,2021
330,202,24.241335,72.462709,0,0,0,6,26280,13025,2021
380,203,18.05799,83.52111,0,0,0,2,18413,13779,2021
551,204,26.225984,86.153489,0,0,0,5,4523,4523,2021
130,205,18.273462,83.807965,0,0,0,6,40928,35575,2021
252,207,18.538266,78.239734,0,0,0,2,23390,28565,2021
584,208,18.844903,73.09453,0,0,0,2,25222,32000,2021
256,209,27.503818,80.752729,0,0,0,2,33958,33958,2021
3,210,26.858314,81.422445,0,0,0,5,28033,28033,2021
567,211,26.763728,82.006302,0,0,0,5,35553,35553,2021
472,212,26.623172,80.694765,0,0,0,5,46893,46893,2021
603,213,27.99978,76.430522,0,0,0,2,77559,79835,2021
416,214,27.3056399,75.9535128,0,0,0,2,64980,79835,2021
157,215,27.0868994,75.8345568,0,0,0,2,58687,79835,2021
548,216,17.005867,78.194493,0,0,0,2,42669,34317,2020
604,217,16.535645,77.944453,0,0,0,2,33311,27000,2020
216,218,17.485724,78.8217,0,0,0,2,38453,34897,2021
541,219,15.887742,78.016978,0,0,0,6,34701,32520,2021
684,220,17.397831,82.67582,0,0,0,2,43363,38408,2021
512,222,17.232887,78.960464,0,0,0,2,22146,36666,2021
519,223,26.568967,88.275366,0,0,0,6,23647,17338,2021
557,224,22.24076,87.39207,0,0,0,2,23566,12872,2021
561,225,24.3234,85.3881,0,0,0,6,31579,23827,2021
201,226,24.030104,85.948614,0,0,0,6,11122,8787,2021
305,227,16.718077,80.324314,0,0,0,2,19747,19873,2021
303,228,16.3856,80.53367,0,0,0,2,64209,43315,2021
106,229,14.059589,79.894624,0,0,0,2,12103,30231,2021
419,230,14.499817,77.631127,0,0,0,5,14958,14958,2021
159,231,22.397144,87.522855,0,0,0,2,40139,61261,2021
619,232,22.335479,87.869477,0,0,0,6,32766,27645,2021
72,233,19.111282,84.699281,0,0,0,2,22649,12906,2021
391,235,18.377344,84.000528,0,0,0,6,32648,24396,2021
2,236,17.685435,83.149931,0,0,0,6,52033,48811,2021
45,237,25.250014,86.034744,0,0,0,6,12152,2406,2021
588,238,24.599579,84.70284,0,0,0,6,36368,21138,2021
536,239,10.536361,78.257067,0,0,0,2,19370,19370,2021
397,240,17.713856,83.212186,0,0,0,6,34442,41421,2021
296,242,16.786741,75.739648,0,0,0,2,25844,23743,2021
685,243,14.312218,79.916296,0,0,0,2,45991,32722,2021
662,244,24.633512,72.907078,0,0,0,6,24584,12188,2021
254,245,22.959586,76.084165,0,0,0,2,37977,66792,2021
469,246,18.057967,83.521081,0,0,0,6,30896,24976,2021
538,247,16.572341,80.862502,0,0,0,6,33312,38000,2021
284,248,16.676408,81.022129,0,0,0,6,31976,38000,2020
631,250,13.744936,79.990993,0,0,0,2,27945,17944,2021
632,251,14.851896,79.987757,0,0,0,2,36849,32808,2021
97,252,15.886754,80.070843,0,0,0,2,24034,24769,2021
644,253,15.358166,80.040105,0,0,0,2,42938,38091,2021
297,255,15.061783,77.630325,0,0,0,5,14165,14165,2021
645,256,17.365756,74.122928,0,0,0,2,45232,28938,2021
335,257,16.8767054,74.2983001,0,0,0,2,42360,27771,2021
13,258,15.48468,77.897632,0,0,0,5,18486,18486,2021
79,259,23.912341,71.783991,0,0,0,5,11609,25000,2021
379,260,13.1955,77.652944,0,0,0,2,10347,10549,2021
679,261,17.957588,75.331066,0,0,0,2,31687,26501,2021
227,262,26.197589,78.240691,0,0,0,5,14530,5868,2021
635,263,23.233738,70.689457,0,0,0,6,57307,15250,2021
590,264,17.764629,75.75589,0,0,0,2,24638,17864,2021
136,265,23.725268,78.809133,0,0,0,5,9960,8161,2021
43,266,23.780036,79.464288,0,0,0,5,8544,6027,2021
217,267,14.053778,76.560573,0,0,0,2,37562,54558,2021
295,269,13.612918,76.953866,0,0,0,2,46600,54558,2021
471,270,13.19355,77.649812,0,0,0,2,40000,107324,2021
302,271,13.302065,77.161956,0,0,0,2,76558,63286,2019
331,272,28.395604,76.98176,0,0,0,2,94559,94559,2021
504,273,23.178722,88.026395,0,0,0,6,33551,35229,2021
30,275,26.126972,80.585425,0,0,0,6,29540,8054,2020
483,278,22.654373,88.325118,0,0,0,2,50194,39315,2021
151,279,22.698891,88.288862,0,0,0,6,40610,39156,2021
262,280,22.57319,88.181739,0,0,0,2,75066,61261,2021
638,281,25.933485,87.843205,0,0,0,6,24373,23812,2021
71,282,23.763627,86.79803,0,0,0,2,22381,16942,2021
231,283,26.152636,87.445216,0,0,0,5,3352,3352,2021
64,284,25.804671,87.59074,0,0,0,6,24970,19071,2021
323,285,25.385796,87.01154,0,0,0,6,15879,10275,2021
418,286,25.728646,87.458249,0,0,0,6,20601,5888,2021
100,287,20.885548,73.052162,0,0,0,2,268219,82043,2021
77,288,20.43495,72.917204,0,0,0,2,93451,82043,2021
117,289,19.890544,72.942644,0,0,0,2,72652,82043,2021
318,290,19.520454,72.916883,0,0,0,2,73586,82043,2021
149,291,29.31922,76.918442,0,0,0,2,24890,23800,2021
401,292,28.944307,76.609736,0,0,0,2,24071,23800,2021
20,294,26.299831,86.630217,0,0,0,5,4063,4063,2021
241,295,14.375564,76.106875,0,0,0,6,24552,68448,2018
120,296,12.910943,79.40121,0,0,0,6,55236,72091,2020
620,298,21.050995,74.785116,0,0,0,2,42113,37000,2021
251,299,28.543853,77.115435,0,0,0,2,1921,23000,2021
601,300,15.357898,76.312781,0,0,0,2,19537,57623,2021
673,301,16.290681,75.923324,0,0,0,2,22059,57623,2021
82,302,22.015027,73.115049,0,0,0,2,105440,86186,2021
161,303,25.648846,92.047612,0,0,0,6,7057,7057,2021
654,304,10.885791,78.557668,0,0,0,2,14448,20000,2021
404,305,10.930934,78.215268,0,0,0,2,26323,35000,2021
381,306,10.624244,78.747767,0,0,0,6,14433,7579,2021
676,308,23.61615,73.254472,0,0,0,6,20182,20182,2019
299,309,23.410181,72.828618,0,0,0,6,28369,28369,2021
373,310,10.299776,78.770713,0,0,0,6,14042,5727,2021
4,311,22.975844,72.650399,0,0,0,2,53993,53993,2021
25,312,12.776883,77.777119,0,0,0,2,88986,88986,2021
476,313,13.114638,77.37463,0,0,0,2,79712,63286,2019
183,314,12.847667,77.670866,0,0,0,2,20228,20228,2021
452,315,16.292989,75.921069,0,0,0,2,21838,22145,2021
191,316,15.318834,75.139696,0,0,0,1,29566,29566,2014
463,321,15.488902,74.969857,0,0,0,1,21070,21070,2013
505,324,9.283225,79.215127,0,0,0,3,17838,22160,2013
286,326,26.567367,92.869461,0,0,0,3,12385,12385,2014
196,330,26.149881,89.811537,0,0,0,3,15902,15902,2013
39,333,25.592575,73.904897,0,0,0,0,8243,8243,2021
37,338,25.884014,74.160275,0,0,0,5,8243,8243,2021
40,339,22.620565,72.161496,0,0,0,1,36208,36208,2014
324,340,18.844713,73.094525,0,0,0,3,0,73351.6728,2014
266,341,31.898237,77.148301,0,0,0,1,1833,2291,2014
589,342,18.084885,73.462503,0,0,0,3,4796,4796,2014
189,344,21.039996,75.829168,0,0,0,1,0,73351.6728,2009
322,345,19.2121,73.006946,0,0,0,1,13400,13400,2011
441,346,18.605613,73.823404,0,0,0,1,50605,50605,2014
518,347,23.471246,77.071876,0,0,0,3,650,650,1992
115,348,18.844296,73.881986,0,0,0,1,32988,32988,2014
22,349,23.888883,80.384806,0,0,0,1,12097,28202,2012
301,350,18.493223,73.992593,0,0,0,1,47130,47130,2014
298,351,18.48286,74.234706,0,0,0,1,0,73351.6728,2014
353,352,24.550197,81.346796,0,0,0,1,10762,10762,2013
294,353,21.139568,79.675405,0,0,0,3,19770,19770,2013
657,354,21.086207,78.066995,0,0,0,3,29374,29374,2014
462,357,21.181762,74.823119,0,0,0,1,0,73351.6728,2014
60,358,26.320743,78.272518,0,0,0,0,15128,21458,2018
691,359,17.534301,75.880075,0,0,0,3,20649,20649,2014
58,360,26.683159,78.917937,0,0,0,1,15182,21458,2014
47,362,22.409684,71.015587,0,0,0,1,33328,33328,2014
521,363,17.523428,78.273342,0,0,0,1,0,73351.6728,2013
563,364,29.842349,78.19098,0,0,0,3,16129,16129,2013
458,366,21.766145,81.812198,0,0,0,3,2609,3130,2009
325,367,21.252543,81.536664,0,0,0,1,10251,11200,2014
352,368,21.204731,81.337106,0,0,0,1,3755,4795,2014
360,370,9.94307,76.318202,0,0,0,6,27176,27176,2014
9,371,8.520122,76.89465,0,0,0,6,15000,15000,2013
678,373,10.074058,76.28012,0,0,0,3,14575,14575,2012
85,374,22.792886,73.842871,0,0,0,2,17736,12909,2021
138,375,31.623756,75.640462,0,0,0,6,26601,20855,2021
131,376,16.885015,80.160654,0,0,0,2,25454,36666,2021
351,377,17.159677,79.474848,0,0,0,2,35756,36666,2021
245,379,15.323649,76.303646,0,0,0,2,31122,31122,2021
393,380,27.804002,78.087022,0,0,0,2,20735,18107,2021
62,381,27.346247,78.032201,0,0,0,2,17503,18107,2021
312,384,27.558744,80.661034,0,0,0,2,24078,16500,2021
534,385,22.413798,72.957428,0,0,0,2,18068,24000,2021
681,386,22.792571,73.533274,0,0,0,2,4227,18000,2021
446,387,13.148469,78.290548,0,0,0,2,3086,3086,2021
338,388,24.563182,88.019993,0,0,0,2,25805,30416,2021
210,389,24.150449,88.18629,0,0,0,2,18229,30416,2021
27,394,25.216966,78.464471,0,0,0,6,11122,11122,2021
148,395,26.476288,90.712054,0,0,0,6,20516,15683,2021
484,396,28.814182,78.902248,0,0,0,2,34581,30700,2021
655,397,28.480289,79.283886,0,0,0,2,24780,24780,2021
214,398,26.476592,89.756535,0,0,0,6,15533,14446,2021
190,400,22.043538,79.418722,0,0,0,6,5278,6103,2021
128,401,21.841921,78.433316,0,0,0,6,2000,1769,2021
274,402,22.377896,79.151021,0,0,0,6,4297,3858,2021
259,403,22.548497,79.600413,0,0,0,6,4029,3291,2021
150,405,26.524482,81.066094,0,0,0,6,22110,22110,2021
308,406,21.471322,78.8726,0,0,0,6,7232,5068,2021
143,408,10.81311,76.798051,0,0,0,2,25874,18031,2021
11,409,26.069752,80.163011,0,0,0,2,20242,15279,2021
319,410,25.543293,80.060095,0,0,0,2,12971,12063,2021
57,411,21.35447,83.681021,0,0,0,2,24491,22357,2021
537,412,10.010336,76.257977,0,0,0,0,16392,16392,2020
366,413,32.197881,75.533697,0,0,0,2,24266,34498,2021
692,414,31.731947,75.041365,0,0,0,2,23590,34498,2021
160,415,25.570828,85.247807,0,0,0,2,53214,53214,2021
8,416,27.50603,75.348401,0,0,0,6,19986,19986,2021
432,417,21.864457,77.961508,0,0,0,6,9684,7110,2021
316,418,21.693812,78.387824,0,0,0,6,5453,5453,2021
522,419,21.343724,79.009038,0,0,0,6,11802,12628,2021
200,420,26.551347,74.780202,0,0,0,2,53230,52370,2021
531,421,26.158466,74.371725,0,0,0,2,40672,57762,2021
194,422,21.425234,70.295437,0,0,0,6,19286,20700,2021
153,423,20.961287,70.334349,0,0,0,6,18711,20700,2021
546,424,26.245678,92.541521,0,0,0,6,18169,18169,2021
145,425,26.114657,92.875479,0,0,0,6,11871,11871,2017
475,426,26.100258,91.879125,0,0,0,6,34034,34034,2021
405,427,21.134676,73.478511,0,0,0,2,29483,37920,2021
84,428,21.190249,72.869085,0,0,0,2,27117,37920,2021
387,429,28.497746,77.629298,0,0,0,2,39635,37550,2021
618,430,28.062821,77.946047,0,0,0,2,28396,37550,2021
368,431,21.20296,81.905328,0,0,0,2,19047,19047,2019
633,432,21.229353,81.607029,0,0,0,2,48999,48999,2018
549,433,26.063535,74.05947,0,0,0,2,48999,7041,2021
255,434,25.828286,73.45492,0,0,0,2,24995,8403,2021
93,438,25.371114,73.201486,0,0,0,2,33238,10457,2021
666,439,25.033571,72.94353,0,0,0,2,34501,10439,2021
193,440,13.194218,78.545197,0,0,0,2,18105,21449,2021
690,441,21.139545,79.365105,0,0,0,2,30717,48500,2021
568,442,26.373615,85.493984,0,0,0,6,4203,4203,2021
570,443,13.525577,79.532925,0,0,0,2,9457,10483,2021
527,444,13.150776,79.834675,0,0,0,2,15866,15866,2021
490,445,20.137113,85.83902,0,0,0,2,24786,14824,2021
428,446,24.420042,76.503896,0,0,0,6,7383,12223,2021
288,447,11.012827,77.073181,0,0,0,2,43166,56740,2021
438,448,22.934663,69.801655,0,0,0,2,31349,33000,2021
182,450,16.715205,81.827876,0,0,0,2,25601,24857,2021
663,451,16.823729,81.430664,0,0,0,2,21231,24857,2021
109,452,14.979577,78.574764,0,0,0,2,17024,5084,2021
500,453,14.513518,78.79121,0,0,0,2,20261,6172,2021
496,454,25.99328,91.860491,0,0,0,6,15209,15209,2021
564,455,28.754563,76.795216,0,0,0,2,30902,34000,2021
339,456,25.17025,76.130522,0,0,0,2,18784,27551,2021
408,457,25.20385,73.814701,0,0,0,2,16845,16845,2021
477,458,25.704011,74.061836,0,0,0,2,25615,25615,2021
637,459,12.993098,74.792333,0,0,0,6,35080,35080,2021
87,460,18.205251,78.398261,0,0,0,6,17677,16472,2021
361,461,25.674873,82.32499,0,0,0,6,9645,9645,2021
486,462,26.035838,81.43825,0,0,0,6,6553,6553,2021
142,464,21.299829,82.94286,0,0,0,2,12766,23202,2021
166,465,21.226901,82.422438,0,0,0,2,14539,23202,2021
680,466,22.453254,73.070539,0,0,0,2,39993,93298,2021
545,467,22.715971,72.740887,0,0,0,6,32349,93298,2021
392,468,28.927049,76.442169,0,0,0,2,16248,27726,2021
553,469,29.100833,75.885093,0,0,0,2,29412,27726,2021
513,470,25.788339,74.338933,0,0,0,6,4024,4024,2021
572,471,25.802861,85.283461,0,0,0,6,19724,19724,2021
383,472,26.084278,74.001389,0,0,0,6,0,73351.6728,2021
0,473,27.292105,81.54465,0,0,0,6,11001,11001,2021
218,474,27.825548,81.527252,0,0,0,6,11696,11696,2021
624,475,22.607365,75.794134,0,0,0,2,35826,35826,2021
113,476,19.170738,74.074993,0,0,0,2,22000,31714,2021
246,477,19.516452,74.201583,0,0,0,2,19600,31714,2021
480,478,25.865638,71.616734,0,0,0,6,3200,3200,2021
222,479,13.47641,74.713082,0,0,0,2,0,73351.6728,2021
239,480,13.108245,74.784562,0,0,0,7,0,73351.6728,2019
639,481,12.75958,74.874087,0,0,0,7,423892,15001,2021
280,482,16.985586,78.50172,0,0,0,6,0,73351.6728,2021
349,483,16.608082,78.677722,0,0,0,6,0,73351.6728,2021
133,484,17.471578,79.980527,0,0,0,7,0,73351.6728,2021
369,485,24.822455,87.966864,0,0,0,2,856421,856421,2021
111,486,25.195872,88.182566,0,0,0,2,875568,875568,2021
394,487,26.038799,85.447437,0,0,0,2,4380,4380,2021
212,488,25.590289,85.875945,0,0,0,2,6016,6016,2021
348,489,26.537213,77.086068,0,0,0,6,0,73351.6728,2021
129,490,26.613002,77.515359,0,0,0,6,0,73351.6728,2021
547,491,27.177493,77.811532,0,0,0,6,0,73351.6728,2021
388,492,33.024637,75.252118,0,0,0,2,0,73351.6728,2021
467,493,33.174771,75.303421,0,0,0,2,0,73351.6728,2021
54,1476,27.275167,74.351659,0,0,0,6,0,73351.6728,2021
642,1477,26.870978,74.293475,0,0,0,6,0,73351.6728,2021
569,1478,25.110565,73.988241,0,0,0,2,0,73351.6728,2021
445,1479,25.274995,74.492879,0,0,0,2,0,73351.6728,2021
617,4480,29.810574,73.875389,0,0,0,6,206247,206247,2021
377,4481,28.712002,75.481566,0,0,0,2,9843,15133,2021
164,4482,28.329757,75.05592,0,0,0,2,9592,15133,2021
610,4483,27.76326,74.723371,0,0,0,2,5247,15133,2021
559,4484,14.210397,79.560418,0,0,0,6,0,73351.6728,2021
132,4485,13.788513,79.589622,0,0,0,6,0,73351.6728,2021
31,4486,16.850428,80.633633,0,0,0,6,0,73351.6728,2021
606,4489,10.158744,78.651128,0,0,0,6,0,73351.6728,2021
264,4490,26.308858,72.914295,0,0,0,6,0,73351.6728,2021
442,4491,26.570811,72.327192,0,0,0,6,0,73351.6728,2021
439,4492,26.889721,71.981819,0,0,0,6,0,73351.6728,2021
427,4493,15.412411,79.497541,0,0,0,6,0,73351.6728,2021
562,4494,15.197922,79.450868,0,0,0,6,0,73351.6728,2021
103,4495,14.736039,79.049052,0,0,0,6,0,73351.6728,2021
236,4496,21.147001,86.117538,0,0,0,2,5420,32834,2021
320,4497,21.508544,85.826198,0,0,0,2,5420,32834,2021
48,4498,21.710167,85.5836,0,0,0,2,5420,32834,2021
310,4499,24.522264,81.365223,0,0,0,6,7760,7760,2021
623,4500,24.395853,81.802372,0,0,0,6,8349,8349,2021
376,4501,29.292067,75.648213,0,0,0,6,0,73351.6728,2021
465,4502,29.578554,76.088477,0,0,0,2,21919,21919,2021
36,4503,29.299141,75.819719,0,0,0,2,21919,21919,2021
118,4504,28.99832,75.604417,0,0,0,2,21919,21919,2021
283,4505,30.265789,76.148309,0,0,0,6,0,73351.6728,2021
33,4506,30.247772,75.640226,0,0,0,6,0,73351.6728,2021
75,4507,29.060626,77.064081,0,0,0,6,0,73351.6728,2021
626,4508,23.548753,85.756866,0,0,0,6,0,73351.6728,2021
643,4509,23.668354,86.045229,0,0,0,6,0,73351.6728,2021
174,4510,26.062927,72.673202,0,0,0,6,0,73351.6728,2021
498,4511,10.612499,79.0306,0,0,0,6,0,73351.6728,2021
413,4512,17.745596,77.317882,0,0,0,2,0,73351.6728,2021
287,4513,17.645717,77.820114,0,0,0,2,0,73351.6728,2021
694,4515,0,0,0,0,0,2,0,73351.6728,2021
641,4520,1,1,0,0,0,2,0,73351.6728,2021
162,4536,28.930785,79.475734,0,0,0,2,14200,22461,2021
270,4537,24.097278,76.988952,0,0,0,2,425284,425284,2021
495,4538,24.517835,77.186491,0,0,0,2,425284,506490,2021
574,4539,25.155846,75.781932,0,0,0,6,9989,9989,2021
474,4540,25.132506,75.796565,0,0,0,6,9989,9989,2021
407,4541,21.702698,73.059975,0,0,0,6,13862625,13862625,2021
65,4542,14.708361,78.872406,0,0,0,6,8841,8841,2021
460,4543,15.741038,78.070783,0,0,0,2,9538,25300,2021
544,4544,25.245762,77.615602,0,0,0,6,2104004,32441,2021
53,4545,23.491222,87.376575,0,0,0,2,46326,71077,2021
595,4546,25.637124,78.875044,0,0,0,5,157528,157528,2021
55,4547,28.941,79.8157,0,0,0,6,4302,4800,2021
237,4548,25.562272,71.407666,0,0,0,6,6498,6498,2021
99,4549,25.105861,71.549558,0,0,0,6,5519,5519,2021
232,4550,27.26549,73.856074,0,0,0,2,6793,6793,2021
482,4551,27.30534,74.1915,0,0,0,2,6295,6295,2021
267,4552,25.865,80.691,0,0,0,6,8970,8970,2021
5,4553,26.197,81.0326,0,0,0,6,9331,9331,2021
384,4554,25.467,41.293,0,0,0,6,11014,9872,2021
433,4555,30.21128,77.194411,0,0,0,6,1006130,1006130,2021
180,4556,13.7143,78.873269,0,0,0,6,9992,9992,2021
105,4557,14.543265,79.862348,0,0,0,6,8309,8309,2021
144,4558,14.6854,79.5156,0,0,0,6,6112,6112,2021
697,4559,40.32217,9.3264,0,0,0,6,3651,4000,2021
382,4560,30.233092,75.102496,0,0,0,2,0,73351.6728,2021
497,4561,30.4,75.5,0,0,0,6,0,73351.6728,2021
167,4562,76.499529,30.39255,0,0,0,6,0,73351.6728,2021
26,4563,76.759305,30.5930556,0,0,0,6,20000,20000,2021
86,4566,29.29914,75.81971,0,0,0,6,0,73351.6728,2021
230,4567,15.818714,77.453999,0,0,0,6,4559,4559,2021
554,4568,27.0175781,72.0194626,0,0,0,6,0,73351.6728,2021
378,4569,27.0298347,71.446434,0,0,0,6,0,73351.6728,2021
444,4570,25.668,77.73,0,0,0,2,421000,421000,2021
508,4571,26.0978,78.0158,0,0,0,2,486000,486000,2021
576,4572,28.00137,73.06546,0,0,0,2,3960,14415,2021
485,4573,27.45006,72.40303,0,0,0,2,2250,14415,2021
329,4574,27.2827777,72.3230556,0,0,0,2,2831,14415,2021
333,4575,29.880727,74.793736,0,0,0,6,0,73351.6728,2021
520,4576,25.4817,92.2882,0,0,0,6,15904,15904,2021
385,4577,25.706,92.3756,0,0,0,6,15809,15809,2021
158,4578,16.4126432,80.7859938,0,0,0,6,25269,25269,2021
507,4579,80.8085833,22.3905556,0,0,0,6,6533,6533,2021
653,4580,9.780999,78.335299,0,0,0,6,6195,6195,2021
435,4581,28.5798201,78.7958556,0,0,0,6,11739,11014,2021
178,4582,19.24404,74.013274,0,0,0,6,36468,36468,2021
621,4583,25.924072,84.967898,0,0,0,6,2508,2508,2021
535,4584,26.055956,85.182733,0,0,0,6,1582,1582,2021
73,4585,28.1859646,78.3630407,0,0,0,6,1741,15901,2021
228,4586,27.08318,83.232649,0,0,0,6,0,73351.6728,2021
121,4588,28.70178,77.621477,0,0,0,6,59033,198911,2021
56,4589,26.6293177,81.3336137,0,0,0,6,19528,19528,2021
23,4590,26.18151,81.56264,0,0,0,6,11780,11780,2021
332,4591,24.122464,80.599361,0,0,0,6,6254,6254,2021
95,4592,9.398195,78.71394,0,0,0,6,5376,5376,2021
169,4593,19.15597,74.41116,0,0,0,6,79121,79121,2021
399,4594,23.48399,80.30481,0,0,0,6,9962,9962,2021
526,4595,23.24908,82.05883,0,0,0,6,3489,3489,2021
602,4596,23.28186,81.429282,0,0,0,6,9962,9962,2021
124,4597,23.657222,76.614862,0,0,0,6,830120,21919,2021
565,4598,23.330918,76.175973,0,0,0,6,1081030,21919,2021
156,4599,22.741519,74.836537,0,0,0,6,3359,3359,2021
429,4600,22.6731595,75.545744,0,0,0,6,3236,3236,2021
450,4601,18.002244,79.903564,0,0,0,6,418,418,2021
14,4602,26.3827777,80.8863888,0,0,0,6,1078,825,2021
516,4603,18.63166,75.6977,0,0,0,6,18304,20102,2021
493,4604,19.3181,75.7487,0,0,0,6,24075,30420,2021
90,4605,19.60083,75.6152,0,0,0,6,17240,27185,2021
258,4606,20.604749,81.419576,0,0,0,6,9943,9943,2021
420,4607,19.662176,81.658696,0,0,0,6,9220,9220,2021
32,4608,19.161402,81.98472,0,0,0,6,0,73351.6728,2021
579,4609,80.030222,23.105109,0,0,0,6,10953,10953,2021
10,4611,26.7024838,82.6745948,0,0,0,6,12221,12221,2021
125,4612,27.2644,83.3643,0,0,0,6,10304,10304,2021
454,4613,26.9209,83.297,0,0,0,6,2390,2390,2021
437,4614,23.418277,80.078098,0,0,0,6,12826,12826,2021
487,4615,24.404862,81.079578,0,0,0,6,12882,12882,2021
208,4617,17.1387,82.2718,0,0,0,6,4983,4983,2021
421,4618,13.1766,80.2449,0,0,0,6,13425,13425,2021
172,4619,19.0990474,78.2133991,0,0,0,6,0,73351.6728,2021
406,4620,24.966405,75.93462,0,0,0,6,25055,25055,2021
281,4621,26.630978,71.205575,0,0,0,6,2321,2321,2021
530,4622,26.3395,82.244267,0,0,0,6,0,73351.6728,2021
6,4623,26.245278,81.593749,0,0,0,6,0,73351.6728,2021
571,4626,28.1602222,80.1005555,0,0,0,6,0,73351.6728,2021
525,4627,26.565182,90.238792,0,0,0,6,7467,7467,2021
290,4628,16.786827,75.739668,0,0,0,6,11626,11626,2021
235,4629,67.7752043,18.82095,0,0,0,6,8524,8524,2021
640,5626,17.826227,76.74068,0,0,0,2,101421,101421,2021
529,5627,17.79978,76.193308,0,0,0,2,101421,101421,2021
96,5628,23.047864,79.907251,0,0,0,6,10023,10023,2021
592,5629,23.257753,77.638119,0,0,0,6,0,73351.6728,2021
250,5630,20.551197,78.039108,0,0,0,6,7474,15741,2021
70,5631,14.710895,74.2936251,0,0,0,6,105618,105618,2021
247,5632,14.3593904,74.419155,0,0,0,6,145318,145318,2021
609,5633,13.9334681,74.5966233,0,0,0,6,122563,122563,2021
578,5634,23.629195,88.36003,0,0,0,2,22195,22195,2021
473,5636,25.558856,81.772125,0,0,0,5,42336,42336,2021
21,5637,18.127774,76.358179,0,0,0,6,100243,100243,2021
456,5638,21.7575,88.233611,0,0,0,6,1732,1732,2021
443,5639,27.2038,77.5011,0,0,0,6,512,11246,2021
89,5640,21.950763,82.061806,0,0,0,6,6500,16714,2021
229,5641,20.857818,78.876369,0,0,0,6,7474,15741,2021
668,5642,22.96882,72.65872,0,0,0,6,0,73351.6728,2021
263,5643,30.211173,77.194286,0,0,0,6,0,73351.6728,2021
76,5644,30.7609536,76.6078459,0,0,0,6,0,73351.6728,2021
205,5645,30.84737,76.13282,0,0,0,6,0,73351.6728,2021
431,5646,26.1311484,92.8389911,0,0,0,6,0,73351.6728,2021
81,5648,26.640821,82.134434,0,0,0,6,0,73351.6728,2021
279,5649,25.634583,15.002951,0,0,0,6,0,73351.6728,2021
370,5650,25.482404,75.31341,0,0,0,6,0,73351.6728,2021
502,5651,25.884209,75.958515,0,0,0,6,0,73351.6728,2021
364,5652,30.209841,78.125409,0,0,0,6,0,73351.6728,2021
213,5653,17.268021,80.679776,0,0,0,6,0,73351.6728,2021
340,5654,28.69299,76.158534,0,0,0,6,0,73351.6728,2021
358,5655,21.6975366,69.5328098,0,0,0,6,0,73351.6728,2021
488,5656,22.080199,69.1338701,0,0,0,6,0,73351.6728,2021
28,5657,31.0114039,76.389817,0,0,0,6,0,73351.6728,2021
69,5658,31.204433,75.876799,0,0,0,6,0,73351.6728,2021
203,5659,26.3049388,89.6188889,0,0,0,6,0,73351.6728,2021
390,5660,26.309387,91.716408,0,0,0,6,0,73351.6728,2021
395,5661,13.194889,79.017469,0,0,0,6,0,73351.6728,2021
558,5662,26.6847777,89.2308333,0,0,0,6,0,73351.6728,2021
593,5663,18.67605,76.39189,0,0,0,6,0,73351.6728,2021
630,5664,26.8733055,88.9147222,0,0,0,6,0,73351.6728,2021
46,5665,22.3446262,87.1266524,0,0,0,6,0,73351.6728,2021
410,5666,25.7197,93.1279,0,0,0,6,0,73351.6728,2021
278,5667,23.879731,76.909815,0,0,0,6,0,73351.6728,2021
411,5668,21.23198,81.7591667,0,0,0,2,0,73351.6728,2021
622,5669,23.359605,77.221079,0,0,0,6,0,73351.6728,2021
265,5670,14.7928655,77.3621177,0,0,0,6,0,73351.6728,2021
276,5671,21.252824,81.537318,0,0,0,6,0,73351.6728,2021
696,5672,14.1691649,78.1349519,0,0,0,6,0,73351.6728,2021
695,5673,17.14501,79.34495,0,0,0,6,0,73351.6728,2021
243,5674,26.8508333,75.9247222,0,0,0,6,0,73351.6728,2021
615,5675,26.7472222,75.7686111,0,0,0,6,0,73351.6728,2021
80,5676,20.234893,78.017434,0,0,0,6,0,73351.6728,2021
107,5677,26.547568,74.506682,0,0,0,6,0,73351.6728,2021
35,5678,26.935547,73.979626,0,0,0,6,0,73351.6728,2021
126,5679,28.75455,76.7952,0,0,0,6,0,73351.6728,2021
346,5680,17.463853,79.170604,0,0,0,6,0,73351.6728,2021
347,5681,18.011824,79.295938,0,0,0,6,0,73351.6728,2021
634,5682,26.052019,70.206006,0,0,0,6,0,73351.6728,2021
94,5683,26.997191,84.375456,0,0,0,6,0,73351.6728,2021
223,5684,26.513044,70.277217,0,0,0,6,0,73351.6728,2021
334,5685,27.143983,70.388192,0,0,0,6,0,73351.6728,2021
587,5686,26.687284,88.230461,0,0,0,6,0,73351.6728,2021
211,5687,21.318554,69.909762,0,0,0,6,0,73351.6728,2021
199,5688,25.5852416,70.8141667,0,0,0,6,0,73351.6728,2021
614,5689,24.9513888,71.1511111,0,0,0,6,0,73351.6728,2021
175,5690,24.9463888,71.4225,0,0,0,6,0,73351.6728,2021
341,5691,21.61976,72.1415933,0,0,0,6,0,73351.6728,2021
453,5692,20.916389,71.321944,0,0,0,6,0,73351.6728,2021
607,5693,26.8219,83.29387,0,0,0,6,0,73351.6728,2021
140,5694,22.7777,82.48068,0,0,0,6,0,73351.6728,2021
491,5695,23.19509,82.92553,0,0,0,6,0,73351.6728,2021
321,5696,20.60611,79.82361,0,0,0,6,0,73351.6728,2021
49,5697,13.30534,79.11473,0,0,0,6,0,73351.6728,2021
134,5698,14.77064,78.36504,0,0,0,6,0,73351.6728,2021
285,5699,23.21784,86.936479,0,0,0,6,0,73351.6728,2021
327,5700,21.703044,79.433797,0,0,0,6,0,73351.6728,2021
426,5701,23.537809,87.12463,0,0,0,6,0,73351.6728,2021
177,5702,27.5786686,81.6335653,0,0,0,6,0,73351.6728,2021
226,5703,30.824455,75.590539,0,0,0,6,0,73351.6728,2021
315,5704,20.41813,86.02029,0,0,0,6,0,73351.6728,2021
74,5705,25.23225,87.01002,0,0,0,6,0,73351.6728,2021
363,5706,28.62808,77.78575,0,0,0,6,0,73351.6728,2021
311,5707,26.3191,87.90342,0,0,0,6,0,73351.6728,2021
34,5708,19.17306,75.3424,0,0,0,6,0,73351.6728,2021
528,5709,29.624188,76.786401,0,0,0,6,0,73351.6728,2021
147,5710,25.62096,78.476725,0,0,0,2,0,73351.6728,2021
271,5711,23.796836,78.546162,0,0,0,6,0,73351.6728,2021
591,5712,30.00135,77.42393,0,0,0,6,0,73351.6728,2021
123,5713,29.585833,77.778333,0,0,0,6,0,73351.6728,2021
42,5714,29.91215,78.02168,0,0,0,6,0,73351.6728,2021
585,5715,30.04082,77.38787,0,0,0,6,0,73351.6728,2021
78,5716,29.931253,77.820383,0,0,0,6,0,73351.6728,2021
556,5717,25.7261111,81.9255555,0,0,0,6,0,73351.6728,2021
242,5718,13.10819,74.78444,0,0,0,6,0,73351.6728,2021
389,5719,22.54994,79.60109,0,0,0,6,0,73351.6728,2021
275,5720,12.21389,76.66306,0,0,0,6,0,73351.6728,2021
693,5721,12.2437,76.88332,0,0,0,6,0,73351.6728,2021
289,5722,11.78008,76.61368,0,0,0,6,0,73351.6728,2021
233,5723,25.11559,81.75417,0,0,0,6,0,73351.6728,2021
448,5724,25.29878,81.94765,0,0,0,6,0,73351.6728,2021
661,5725,25.27192,81.74293,0,0,0,6,0,73351.6728,2021
481,5726,26.15387,71.27751,0,0,0,6,0,73351.6728,2021
464,5727,25.485729,72.569789,0,0,0,6,0,73351.6728,2021
219,5729,25.992661,75.9384815,0,0,0,6,0,73351.6728,2021
91,5730,21.5058155,85.0582372,0,0,0,6,0,73351.6728,2021
309,5731,27.2046,77.4977,0,0,0,6,0,73351.6728,2021
434,5732,16.06238,79.30513,0,0,0,6,0,73351.6728,2021
197,5734,28.47524,72.61884,0,0,0,6,0,73351.6728,2021
63,5735,28.047877,72.349573,0,0,0,6,0,73351.6728,2021
598,5736,27.51125,72.27998,0,0,0,6,0,73351.6728,2021
425,5737,16.026029,79.48465,0,0,0,6,0,73351.6728,2021
506,5738,15.46596,79.07232,0,0,0,6,0,73351.6728,2021
600,5739,26.94928,81.25645,0,0,0,6,0,73351.6728,2021
613,5740,17.590143,79.276497,0,0,0,6,0,73351.6728,2021
344,5741,22.44634,86.59847,0,0,0,6,0,73351.6728,2021
240,5742,24.0445225,85.3856876,0,0,0,6,0,73351.6728,2021
268,5743,29.164995,77.276135,0,0,0,6,0,73351.6728,2021
326,5744,29.394776,76.252134,0,0,0,6,0,73351.6728,2021
583,5745,30.892075,77.004646,0,0,0,6,0,73351.6728,2021
573,5746,30.19749,76.50534,0,0,0,6,0,73351.6728,2021
649,5747,29.91029,76.50666,0,0,0,6,0,73351.6728,2021
110,5748,31.017874,75.299925,0,0,0,6,0,73351.6728,2021
354,5749,30.82689,74.916494,0,0,0,6,0,73351.6728,2021
665,5750,31.37021,74.95469,0,0,0,6,0,73351.6728,2021
355,5751,24.54,86.95,0,0,0,6,0,73351.6728,2021
543,5752,29.407553,78.446612,0,0,0,6,0,73351.6728,2021
68,5753,14.500116,77.796611,0,0,0,6,0,73351.6728,2021
269,5755,14.987394,77.915283,0,0,0,6,0,73351.6728,2021
470,5756,24.285173,86.348624,0,0,0,6,0,73351.6728,2021
261,5757,28.91709,28.91709,0,0,0,4,0,73351.6728,2021
423,5758,28.28198,77.43815,0,0,0,4,0,73351.6728,2021
122,5759,28.09952,77.36404,0,0,0,4,0,73351.6728,2021
424,5760,28.87713,77.25082,0,0,0,4,0,73351.6728,2021
176,5761,28.73377,77.47471,0,0,0,4,0,73351.6728,2021
155,5762,28.68572,77.53373,0,0,0,4,0,73351.6728,2021
92,5763,28.52294,77.59598,0,0,0,4,0,73351.6728,2021
187,5764,28.43818,77.58719,0,0,0,4,0,73351.6728,2021
523,5765,23.131971,76.689998,0,0,0,6,0,73351.6728,2021
1,5766,27.486582,78.79216,0,0,0,6,0,73351.6728,2021
29,5768,28.4762963,77.3056512,0,0,0,2,0,73351.6728,2021
492,5769,25.134123,79.37991,0,0,0,6,0,73351.6728,2021
192,5770,13.478827,79.188024,0,0,0,6,0,73351.6728,2021
374,5771,33.50381,75.18015,0,0,0,6,0,73351.6728,2021
660,5772,33.5661,75.18689,0,0,0,6,0,73351.6728,2021
509,5773,26.573915,88.522596,0,0,0,6,0,73351.6728,2021
249,5774,26.5605725,88.9195854,0,0,0,6,0,73351.6728,2021
50,5775,13.07541,77.48594,0,0,0,2,0,73351.6728,2021
207,5776,27.443591,82.924243,0,0,0,6,0,73351.6728,2021
422,5777,24.577226,80.690857,0,0,0,6,0,73351.6728,2021
163,5778,24.779103,79.828395,0,0,0,6,0,73351.6728,2021
658,5779,25.2426039,85.7863632,0,0,0,6,0,73351.6728,2021
494,5780,21.62325,86.925376,0,0,0,6,0,73351.6728,2021
629,5781,22.07456,86.643509,0,0,0,6,0,73351.6728,2021
345,5783,8.92166,76.57579,0,0,0,6,0,73351.6728,2021
412,5784,22.050977,75.1191572,0,0,0,6,0,73351.6728,2021
466,5785,21.016609,75.684364,0,0,0,6,0,73351.6728,2021
188,5786,21.040041,75.829323,0,0,0,2,0,73351.6728,2020
277,5787,33.87457,75.04281,0,0,0,6,0,73351.6728,2021
667,5788,14.67048,77.45172,0,0,0,6,0,73351.6728,2021
594,5789,27.144604,83.562172,0,0,0,6,0,73351.6728,2021
282,5790,25.494937,83.147623,0,0,0,6,0,73351.6728,2021
44,5791,24.946554,92.756124,0,0,0,6,0,73351.6728,2021
689,5792,23.022194,77.570611,0,0,0,6,0,73351.6728,2021
41,5793,22.781523,77.733774,0,0,0,6,0,73351.6728,2021
514,5794,22.010617,82.323591,0,0,0,6,0,73351.6728,2021
257,5795,29.244179,78.884934,0,0,0,6,0,73351.6728,2021
181,5796,23.180503,85.57528,0,0,0,6,0,73351.6728,2021
135,5797,17.078508,77.581042,0,0,0,6,0,73351.6728,2021
449,5798,16.74527,78.2858,0,0,0,6,0,73351.6728,2021
220,5799,17.673312,78.371721,0,0,0,6,0,73351.6728,2021
42,5800,29.923433,78.021434,0,0,0,6,0,73351.6728,2021
306,5804,11.576895,78.936138,0,0,0,6,0,73351.6728,2021
698,5805,12,12,0,0,0,6,0,73351.6728,1980
